resort,url
whistler-blackcomb,https://www.skiresort.info/ski-resort/whistler-blackcomb/
vail,https://www.skiresort.info/ski-resort/vail/
telluride,https://www.skiresort.info/ski-resort/telluride/
beaver-creek,https://www.skiresort.info/ski-resort/beaver-creek/
snowmass,https://www.skiresort.info/ski-resort/snowmass/
park-city,https://www.skiresort.info/ski-resort/park-city/
mammoth-mountain,https://www.skiresort.info/ski-resort/mammoth-mountain/
panorama,https://www.skiresort.info/ski-resort/panorama/
deer-valley,https://www.skiresort.info/ski-resort/deer-valley/
palisades-tahoe,https://www.skiresort.info/ski-resort/palisades-tahoe/
sun-peaks,https://www.skiresort.info/ski-resort/sun-peaks/
breckenridge,https://www.skiresort.info/ski-resort/breckenridge/
keystone,https://www.skiresort.info/ski-resort/keystone/
silver-star,https://www.skiresort.info/ski-resort/silver-star/
tremblant,https://www.skiresort.info/ski-resort/tremblant/
lake-louise,https://www.skiresort.info/ski-resort/lake-louise/
big-white,https://www.skiresort.info/ski-resort/big-white/
killington,https://www.skiresort.info/ski-resort/killington/
mont-sainte-anne,https://www.skiresort.info/ski-resort/mont-sainte-anne/
sunday-river,https://www.skiresort.info/ski-resort/sunday-river/
winter-park-resort,https://www.skiresort.info/ski-resort/winter-park-resort/
heavenly,https://www.skiresort.info/ski-resort/heavenly/
red-mountain-resort-rossland,https://www.skiresort.info/ski-resort/red-mountain-resort-rossland/
snowbird,https://www.skiresort.info/ski-resort/snowbird/
fernie,https://www.skiresort.info/ski-resort/fernie/
bromont,https://www.skiresort.info/ski-resort/bromont/
snowbasin,https://www.skiresort.info/ski-resort/snowbasin/
stowe,https://www.skiresort.info/ski-resort/stowe/
sunshine-village,https://www.skiresort.info/ski-resort/sunshine-village/
steamboat,https://www.skiresort.info/ski-resort/steamboat/
alta,https://www.skiresort.info/ski-resort/alta/
big-sky-resort,https://www.skiresort.info/ski-resort/big-sky-resort/
solitude,https://www.skiresort.info/ski-resort/solitude/
kicking-horse-golden,https://www.skiresort.info/ski-resort/kicking-horse-golden/
brighton,https://www.skiresort.info/ski-resort/brighton/
aspen-highlands,https://www.skiresort.info/ski-resort/aspen-highlands/
marmot-basin-jasper,https://www.skiresort.info/ski-resort/marmot-basin-jasper/
kimberley,https://www.skiresort.info/ski-resort/kimberley/
stoneham,https://www.skiresort.info/ski-resort/stoneham/
copper-mountain,https://www.skiresort.info/ski-resort/copper-mountain/
jackson-hole,https://www.skiresort.info/ski-resort/jackson-hole/
revelstoke-mountain-resort,https://www.skiresort.info/ski-resort/revelstoke-mountain-resort/
crested-butte,https://www.skiresort.info/ski-resort/crested-butte/
nakiska,https://www.skiresort.info/ski-resort/nakiska/
buttermilk-mountain,https://www.skiresort.info/ski-resort/buttermilk-mountain/
mt-bachelor,https://www.skiresort.info/ski-resort/mt-bachelor/
bald-mountain-sun-valley,https://www.skiresort.info/ski-resort/bald-mountain-sun-valley/
sommet-saint-sauveur,https://www.skiresort.info/ski-resort/sommet-saint-sauveur/
whiteface-lake-placid,https://www.skiresort.info/ski-resort/whiteface-lake-placid/
yellowstone-club,https://www.skiresort.info/ski-resort/yellowstone-club/
northstar-california-resort,https://www.skiresort.info/ski-resort/northstar-california-resort/
le-massif-de-charlevoix,https://www.skiresort.info/ski-resort/le-massif-de-charlevoix/
mt-norquay-banff,https://www.skiresort.info/ski-resort/mt-norquay-banff/
castle-mountain,https://www.skiresort.info/ski-resort/castle-mountain/
schweitzer-mountain-resort,https://www.skiresort.info/ski-resort/schweitzer-mountain-resort/
stratton,https://www.skiresort.info/ski-resort/stratton/
june-mountain,https://www.skiresort.info/ski-resort/june-mountain/
arapahoe-basin,https://www.skiresort.info/ski-resort/arapahoe-basin/
mt-hood-meadows,https://www.skiresort.info/ski-resort/mt-hood-meadows/
taos,https://www.skiresort.info/ski-resort/taos/
aspen-mountain,https://www.skiresort.info/ski-resort/aspen-mountain/
whitefish-mountain-resort,https://www.skiresort.info/ski-resort/whitefish-mountain-resort/
sugarloaf,https://www.skiresort.info/ski-resort/sugarloaf/
sugarbush,https://www.skiresort.info/ski-resort/sugarbush/
angel-fire,https://www.skiresort.info/ski-resort/angel-fire/
homewood-mountain-resort,https://www.skiresort.info/ski-resort/homewood-mountain-resort/
whitewater-nelson,https://www.skiresort.info/ski-resort/whitewater-nelson/
sierra-at-tahoe,https://www.skiresort.info/ski-resort/sierra-at-tahoe/
wolf-creek,https://www.skiresort.info/ski-resort/wolf-creek/
purgatory-durango,https://www.skiresort.info/ski-resort/purgatory-durango/
cypress-mountain,https://www.skiresort.info/ski-resort/cypress-mountain/
le-mont-grand-fonds,https://www.skiresort.info/ski-resort/le-mont-grand-fonds/
bolton-valley,https://www.skiresort.info/ski-resort/bolton-valley/
sugar-bowl,https://www.skiresort.info/ski-resort/sugar-bowl/
jay-peak,https://www.skiresort.info/ski-resort/jay-peak/
okemo,https://www.skiresort.info/ski-resort/okemo/
mount-snow,https://www.skiresort.info/ski-resort/mount-snow/
apex-mountain-resort,https://www.skiresort.info/ski-resort/apex-mountain-resort/
red-lodge-mountain,https://www.skiresort.info/ski-resort/red-lodge-mountain/
bear-valley,https://www.skiresort.info/ski-resort/bear-valley/
powder-mountain,https://www.skiresort.info/ski-resort/powder-mountain/
bretton-woods,https://www.skiresort.info/ski-resort/bretton-woods/
mt-rose,https://www.skiresort.info/ski-resort/mt-rose/
smugglers-notch,https://www.skiresort.info/ski-resort/smugglers-notch/
49-degrees-north-mountain-resort,https://www.skiresort.info/ski-resort/49-degrees-north-mountain-resort/
alyeska-resort-girdwood,https://www.skiresort.info/ski-resort/alyeska-resort-girdwood/
mont-blanc,https://www.skiresort.info/ski-resort/mont-blanc/
loveland,https://www.skiresort.info/ski-resort/loveland/
grouse-mountain,https://www.skiresort.info/ski-resort/grouse-mountain/
gore-mountain,https://www.skiresort.info/ski-resort/gore-mountain/
bridger-bowl-bozeman,https://www.skiresort.info/ski-resort/bridger-bowl-bozeman/
bogus-basin,https://www.skiresort.info/ski-resort/bogus-basin/
kirkwood,https://www.skiresort.info/ski-resort/kirkwood/
mount-washington,https://www.skiresort.info/ski-resort/mount-washington/
crystal-mountain-wa,https://www.skiresort.info/ski-resort/crystal-mountain-wa/
hunter-mountain,https://www.skiresort.info/ski-resort/hunter-mountain/
loon-mountain,https://www.skiresort.info/ski-resort/loon-mountain/
tamarack-resort,https://www.skiresort.info/ski-resort/tamarack-resort/
apache,https://www.skiresort.info/ski-resort/apache/
timberline,https://www.skiresort.info/ski-resort/timberline/
stevens-pass,https://www.skiresort.info/ski-resort/stevens-pass/
arizona-snowbowl,https://www.skiresort.info/ski-resort/arizona-snowbowl/
windham-mountain,https://www.skiresort.info/ski-resort/windham-mountain/
grand-targhee,https://www.skiresort.info/ski-resort/grand-targhee/
mt-hood-skibowl,https://www.skiresort.info/ski-resort/mt-hood-skibowl/
holiday-valley,https://www.skiresort.info/ski-resort/holiday-valley/
cannon-mountain,https://www.skiresort.info/ski-resort/cannon-mountain/
discovery-ski-area,https://www.skiresort.info/ski-resort/discovery-ski-area/
attitash-mountain-resort,https://www.skiresort.info/ski-resort/attitash-mountain-resort/
brian-head,https://www.skiresort.info/ski-resort/brian-head/
lutsen-mountains,https://www.skiresort.info/ski-resort/lutsen-mountains/
wenatchee-mission-ridge,https://www.skiresort.info/ski-resort/wenatchee-mission-ridge/
eldora-mountain,https://www.skiresort.info/ski-resort/eldora-mountain/
bromley-mountain,https://www.skiresort.info/ski-resort/bromley-mountain/
brundage-mountain,https://www.skiresort.info/ski-resort/brundage-mountain/
white-pass,https://www.skiresort.info/ski-resort/white-pass/
pico-mountain,https://www.skiresort.info/ski-resort/pico-mountain/
cranmore-mountain-resort,https://www.skiresort.info/ski-resort/cranmore-mountain-resort/
powderhorn,https://www.skiresort.info/ski-resort/powderhorn/
lost-trail-powder-mountain,https://www.skiresort.info/ski-resort/lost-trail-powder-mountain/
donner-ski-ranch,https://www.skiresort.info/ski-resort/donner-ski-ranch/
sundance,https://www.skiresort.info/ski-resort/sundance/
mad-river-glen,https://www.skiresort.info/ski-resort/mad-river-glen/
gunstock,https://www.skiresort.info/ski-resort/gunstock/
big-snow-american-dream,https://www.skiresort.info/ski-resort/big-snow-american-dream/
china-peak,https://www.skiresort.info/ski-resort/china-peak/
dodge-ridge,https://www.skiresort.info/ski-resort/dodge-ridge/
mont-orford,https://www.skiresort.info/ski-resort/mont-orford/
great-divide,https://www.skiresort.info/ski-resort/great-divide/
bear-mountain-big-bear-lake,https://www.skiresort.info/ski-resort/bear-mountain-big-bear-lake/
blue-mountain-resort-collingwood,https://www.skiresort.info/ski-resort/blue-mountain-resort-collingwood/
mt-sunapee,https://www.skiresort.info/ski-resort/mt-sunapee/
canada-olympic-park-calgary,https://www.skiresort.info/ski-resort/canada-olympic-park-calgary/
silver-mountain,https://www.skiresort.info/ski-resort/silver-mountain/
lookout-pass,https://www.skiresort.info/ski-resort/lookout-pass/
santa-fe,https://www.skiresort.info/ski-resort/santa-fe/
owls-head,https://www.skiresort.info/ski-resort/owls-head/
baldy-mountain-resort,https://www.skiresort.info/ski-resort/baldy-mountain-resort/
ragged-mountain,https://www.skiresort.info/ski-resort/ragged-mountain/
waterville-valley,https://www.skiresort.info/ski-resort/waterville-valley/
terry-peak,https://www.skiresort.info/ski-resort/terry-peak/
camelback,https://www.skiresort.info/ski-resort/camelback/
blue-mountain,https://www.skiresort.info/ski-resort/blue-mountain/
snowshoe-mountain,https://www.skiresort.info/ski-resort/snowshoe-mountain/
beaver-mountain,https://www.skiresort.info/ski-resort/beaver-mountain/
granite-peak-at-rib-mountain-state-park,https://www.skiresort.info/ski-resort/granite-peak-at-rib-mountain-state-park/
snow-valley,https://www.skiresort.info/ski-resort/snow-valley/
wildcat-mountain,https://www.skiresort.info/ski-resort/wildcat-mountain/
the-highlands-at-harbor-springs,https://www.skiresort.info/ski-resort/the-highlands-at-harbor-springs/
saddleback,https://www.skiresort.info/ski-resort/saddleback/
snow-summit-big-bear-lake,https://www.skiresort.info/ski-resort/snow-summit-big-bear-lake/
sandia-peak,https://www.skiresort.info/ski-resort/sandia-peak/
willamette-pass-crescent,https://www.skiresort.info/ski-resort/willamette-pass-crescent/
craigleith-ski-club,https://www.skiresort.info/ski-resort/craigleith-ski-club/
timberline-mountain,https://www.skiresort.info/ski-resort/timberline-mountain/
montana-snowbowl,https://www.skiresort.info/ski-resort/montana-snowbowl/
valinouet,https://www.skiresort.info/ski-resort/valinouet/
osler-bluff-ski-club,https://www.skiresort.info/ski-resort/osler-bluff-ski-club/
le-relais-lac-beauport,https://www.skiresort.info/ski-resort/le-relais-lac-beauport/
mountain-creek-vernon,https://www.skiresort.info/ski-resort/mountain-creek-vernon/
hudson-bay-mountain-smithers,https://www.skiresort.info/ski-resort/hudson-bay-mountain-smithers/
haystack-mountain-the-hermitage-club,https://www.skiresort.info/ski-resort/haystack-mountain-the-hermitage-club/
the-summit-at-snoqualmie,https://www.skiresort.info/ski-resort/the-summit-at-snoqualmie/
mount-st-louis-moonstone,https://www.skiresort.info/ski-resort/mount-st-louis-moonstone/
bristol-mountain,https://www.skiresort.info/ski-resort/bristol-mountain/
mt-spokane,https://www.skiresort.info/ski-resort/mt-spokane/
mont-edouard-lanse-saint-jean,https://www.skiresort.info/ski-resort/mont-edouard-lanse-saint-jean/
monarch,https://www.skiresort.info/ski-resort/monarch/
silverton-mountain,https://www.skiresort.info/ski-resort/silverton-mountain/
mount-seymour,https://www.skiresort.info/ski-resort/mount-seymour/
pleasant-mountain,https://www.skiresort.info/ski-resort/pleasant-mountain/
marble-mountain-steady-brook-humber-valley,https://www.skiresort.info/ski-resort/marble-mountain-steady-brook-humber-valley/
pats-peak,https://www.skiresort.info/ski-resort/pats-peak/
mont-orignal-lac-etchemin,https://www.skiresort.info/ski-resort/mont-orignal-lac-etchemin/
wachusett-mountain,https://www.skiresort.info/ski-resort/wachusett-mountain/
titus-mountain,https://www.skiresort.info/ski-resort/titus-mountain/
sugar-mountain,https://www.skiresort.info/ski-resort/sugar-mountain/
granby-ranch,https://www.skiresort.info/ski-resort/granby-ranch/
magic-mountain,https://www.skiresort.info/ski-resort/magic-mountain/
diamond-peak,https://www.skiresort.info/ski-resort/diamond-peak/
mt-shasta-ski-park,https://www.skiresort.info/ski-resort/mt-shasta-ski-park/
pajarito-mountain,https://www.skiresort.info/ski-resort/pajarito-mountain/
cape-smokey,https://www.skiresort.info/ski-resort/cape-smokey/
alpine-ski-club-collingwood,https://www.skiresort.info/ski-resort/alpine-ski-club-collingwood/
fortress-mountain,https://www.skiresort.info/ski-resort/fortress-mountain/
maverick-mountain,https://www.skiresort.info/ski-resort/maverick-mountain/
boreal,https://www.skiresort.info/ski-resort/boreal/
soldier-mountain,https://www.skiresort.info/ski-resort/soldier-mountain/
shames-mountain,https://www.skiresort.info/ski-resort/shames-mountain/
mountain-high-east,https://www.skiresort.info/ski-resort/mountain-high-east/
cooper,https://www.skiresort.info/ski-resort/cooper/
belleayre-mountain,https://www.skiresort.info/ski-resort/belleayre-mountain/
mont-sutton,https://www.skiresort.info/ski-resort/mont-sutton/
sunlight-mountain,https://www.skiresort.info/ski-resort/sunlight-mountain/
powder-king,https://www.skiresort.info/ski-resort/powder-king/
mt-baker,https://www.skiresort.info/ski-resort/mt-baker/
holimont,https://www.skiresort.info/ski-resort/holimont/
pebble-creek,https://www.skiresort.info/ski-resort/pebble-creek/
val-saint-come,https://www.skiresort.info/ski-resort/val-saint-come/
butternut,https://www.skiresort.info/ski-resort/butternut/
mt-baldy,https://www.skiresort.info/ski-resort/mt-baldy/
manning-park,https://www.skiresort.info/ski-resort/manning-park/
purden,https://www.skiresort.info/ski-resort/purden/
camp-fortune,https://www.skiresort.info/ski-resort/camp-fortune/
mont-avila,https://www.skiresort.info/ski-resort/mont-avila/
crystal-mountain-westbank,https://www.skiresort.info/ski-resort/crystal-mountain-westbank/
seven-springs,https://www.skiresort.info/ski-resort/seven-springs/
showdown,https://www.skiresort.info/ski-resort/showdown/
cascade-mountain,https://www.skiresort.info/ski-resort/cascade-mountain/
burke-mountain,https://www.skiresort.info/ski-resort/burke-mountain/
cherry-peak,https://www.skiresort.info/ski-resort/cherry-peak/
red-river,https://www.skiresort.info/ski-resort/red-river/
nordic-valley,https://www.skiresort.info/ski-resort/nordic-valley/
eagle-point,https://www.skiresort.info/ski-resort/eagle-point/
massif-du-sud,https://www.skiresort.info/ski-resort/massif-du-sud/
arctic-valley,https://www.skiresort.info/ski-resort/arctic-valley/
wintergreen-resort,https://www.skiresort.info/ski-resort/wintergreen-resort/
shawnee-mountain,https://www.skiresort.info/ski-resort/shawnee-mountain/
mountain-high-west,https://www.skiresort.info/ski-resort/mountain-high-west/
bigrock-mountain,https://www.skiresort.info/ski-resort/bigrock-mountain/
greek-peak,https://www.skiresort.info/ski-resort/greek-peak/
mont-cascades,https://www.skiresort.info/ski-resort/mont-cascades/
spirit-mountain,https://www.skiresort.info/ski-resort/spirit-mountain/
mount-timothy,https://www.skiresort.info/ski-resort/mount-timothy/
boyne-mountain,https://www.skiresort.info/ski-resort/boyne-mountain/
antelope-butte,https://www.skiresort.info/ski-resort/antelope-butte/
mont-lac-vert-hebertville,https://www.skiresort.info/ski-resort/mont-lac-vert-hebertville/
alpental,https://www.skiresort.info/ski-resort/alpental/
smokey-mountain,https://www.skiresort.info/ski-resort/smokey-mountain/
wisp-mchenry-deep-creek-lake,https://www.skiresort.info/ski-resort/wisp-mchenry-deep-creek-lake/
harper-mountain,https://www.skiresort.info/ski-resort/harper-mountain/
belle-neige,https://www.skiresort.info/ski-resort/belle-neige/
pine-creek,https://www.skiresort.info/ski-resort/pine-creek/
berkshire-east,https://www.skiresort.info/ski-resort/berkshire-east/
dartmouth-skiway,https://www.skiresort.info/ski-resort/dartmouth-skiway/
sommet-olympia,https://www.skiresort.info/ski-resort/sommet-olympia/
kissing-bridge,https://www.skiresort.info/ski-resort/kissing-bridge/
snowy-range,https://www.skiresort.info/ski-resort/snowy-range/
hoodoo-ski-area,https://www.skiresort.info/ski-resort/hoodoo-ski-area/
blue-knob,https://www.skiresort.info/ski-resort/blue-knob/
eaglecrest-juneau,https://www.skiresort.info/ski-resort/eaglecrest-juneau/
blacktail-mountain,https://www.skiresort.info/ski-resort/blacktail-mountain/
skiland-mt-aurora,https://www.skiresort.info/ski-resort/skiland-mt-aurora/
turner-mountain,https://www.skiresort.info/ski-resort/turner-mountain/
snow-king-mountain-jackson,https://www.skiresort.info/ski-resort/snow-king-mountain-jackson/
labrador-mountain,https://www.skiresort.info/ski-resort/labrador-mountain/
dollar-mountain-sun-valley,https://www.skiresort.info/ski-resort/dollar-mountain-sun-valley/
nubs-nob-ski-area,https://www.skiresort.info/ski-resort/nubs-nob-ski-area/
giants-ridge,https://www.skiresort.info/ski-resort/giants-ridge/
mont-bechervaise,https://www.skiresort.info/ski-resort/mont-bechervaise/
whitecap-mountains,https://www.skiresort.info/ski-resort/whitecap-mountains/
middlebury-college-snow-bowl,https://www.skiresort.info/ski-resort/middlebury-college-snow-bowl/
pomerelle,https://www.skiresort.info/ski-resort/pomerelle/
sipapu,https://www.skiresort.info/ski-resort/sipapu/
morin-heights,https://www.skiresort.info/ski-resort/morin-heights/
tabor-mountain,https://www.skiresort.info/ski-resort/tabor-mountain/
mt-ashland,https://www.skiresort.info/ski-resort/mt-ashland/
sleeping-giant,https://www.skiresort.info/ski-resort/sleeping-giant/
georgian-peaks-club,https://www.skiresort.info/ski-resort/georgian-peaks-club/
sommet-edelweiss,https://www.skiresort.info/ski-resort/sommet-edelweiss/
beech-mountain,https://www.skiresort.info/ski-resort/beech-mountain/
catamount,https://www.skiresort.info/ski-resort/catamount/
elk-mountain,https://www.skiresort.info/ski-resort/elk-mountain/
poley-mountain,https://www.skiresort.info/ski-resort/poley-mountain/
beaver-valley-ski-club,https://www.skiresort.info/ski-resort/beaver-valley-ski-club/
mont-comi,https://www.skiresort.info/ski-resort/mont-comi/
whitetail,https://www.skiresort.info/ski-resort/whitetail/
tahoe-donner,https://www.skiresort.info/ski-resort/tahoe-donner/
black-mountain-rumford,https://www.skiresort.info/ski-resort/black-mountain-rumford/
plattekill,https://www.skiresort.info/ski-resort/plattekill/
song-mountain,https://www.skiresort.info/ski-resort/song-mountain/
tenney-mountain,https://www.skiresort.info/ski-resort/tenney-mountain/
crabbe-mountain,https://www.skiresort.info/ski-resort/crabbe-mountain/
mt-bohemia,https://www.skiresort.info/ski-resort/mt-bohemia/
mont-ste-marie,https://www.skiresort.info/ski-resort/mont-ste-marie/
the-balsams,https://www.skiresort.info/ski-resort/the-balsams/
mt-abram,https://www.skiresort.info/ski-resort/mt-abram/
antoine-mountain,https://www.skiresort.info/ski-resort/antoine-mountain/
murray-ridge,https://www.skiresort.info/ski-resort/murray-ridge/
jiminy-peak,https://www.skiresort.info/ski-resort/jiminy-peak/
kelly-canyon,https://www.skiresort.info/ski-resort/kelly-canyon/
teton-pass,https://www.skiresort.info/ski-resort/teton-pass/
shanty-creek-resorts-schuss-mountain,https://www.skiresort.info/ski-resort/shanty-creek-resorts-schuss-mountain/
loup-loup-ski-bowl,https://www.skiresort.info/ski-resort/loup-loup-ski-bowl/
bluewood,https://www.skiresort.info/ski-resort/bluewood/
jackson-creek-summit-snowriver-mountain-resort,https://www.skiresort.info/ski-resort/jackson-creek-summit-snowriver-mountain-resort/
crotched-mountain,https://www.skiresort.info/ski-resort/crotched-mountain/
mt-kato,https://www.skiresort.info/ski-resort/mt-kato/
mont-la-reserve-saint-donat-de-montcalm,https://www.skiresort.info/ski-resort/mont-la-reserve-saint-donat-de-montcalm/
val-direne,https://www.skiresort.info/ski-resort/val-direne/
jack-frost-mountain,https://www.skiresort.info/ski-resort/jack-frost-mountain/
white-pine-pinedale,https://www.skiresort.info/ski-resort/white-pine-pinedale/
caberfae-peaks,https://www.skiresort.info/ski-resort/caberfae-peaks/
deer-mountain,https://www.skiresort.info/ski-resort/deer-mountain/
wasatch-peaks-ranch,https://www.skiresort.info/ski-resort/wasatch-peaks-ranch/
mont-garceau,https://www.skiresort.info/ski-resort/mont-garceau/
devils-glen,https://www.skiresort.info/ski-resort/devils-glen/
asessippi,https://www.skiresort.info/ski-resort/asessippi/
le-chantecler,https://www.skiresort.info/ski-resort/le-chantecler/
massanutten,https://www.skiresort.info/ski-resort/massanutten/
black-mountain-jackson,https://www.skiresort.info/ski-resort/black-mountain-jackson/
pin-rouge,https://www.skiresort.info/ski-resort/pin-rouge/
devils-head,https://www.skiresort.info/ski-resort/devils-head/
canyon-ski-area,https://www.skiresort.info/ski-resort/canyon-ski-area/
bittersweet,https://www.skiresort.info/ski-resort/bittersweet/
bear-creek-mountain-resort,https://www.skiresort.info/ski-resort/bear-creek-mountain-resort/
ben-eoin,https://www.skiresort.info/ski-resort/ben-eoin/
whaleback,https://www.skiresort.info/ski-resort/whaleback/
canaan-valley,https://www.skiresort.info/ski-resort/canaan-valley/
cloudcroft,https://www.skiresort.info/ski-resort/cloudcroft/
big-powderhorn-mountain,https://www.skiresort.info/ski-resort/big-powderhorn-mountain/
saskadena-six,https://www.skiresort.info/ski-resort/saskadena-six/
vallee-bleue,https://www.skiresort.info/ski-resort/vallee-bleue/
meadowlark-ski-lodge,https://www.skiresort.info/ski-resort/meadowlark-ski-lodge/
magic-mountain-resort,https://www.skiresort.info/ski-resort/magic-mountain-resort/
swain,https://www.skiresort.info/ski-resort/swain/
oak-mountain,https://www.skiresort.info/ski-resort/oak-mountain/
searchmont,https://www.skiresort.info/ski-resort/searchmont/
soda-springs,https://www.skiresort.info/ski-resort/soda-springs/
west-mountain,https://www.skiresort.info/ski-resort/west-mountain/
mt-holly,https://www.skiresort.info/ski-resort/mt-holly/
montage-mountain-resort,https://www.skiresort.info/ski-resort/montage-mountain-resort/
mt-waterman,https://www.skiresort.info/ski-resort/mt-waterman/
warner-canyon-lakeview,https://www.skiresort.info/ski-resort/warner-canyon-lakeview/
marquette-mountain,https://www.skiresort.info/ski-resort/marquette-mountain/
hidden-valley-pa,https://www.skiresort.info/ski-resort/hidden-valley-pa/
liberty-mountain,https://www.skiresort.info/ski-resort/liberty-mountain/
spout-springs,https://www.skiresort.info/ski-resort/spout-springs/
sasquatch-mountain-hemlock-valley,https://www.skiresort.info/ski-resort/sasquatch-mountain-hemlock-valley/
cooper-spur,https://www.skiresort.info/ski-resort/cooper-spur/
mont-rigaud,https://www.skiresort.info/ski-resort/mont-rigaud/
sugarloaf-provincial-park,https://www.skiresort.info/ski-resort/sugarloaf-provincial-park/
anthony-lakes-mountain-resort,https://www.skiresort.info/ski-resort/anthony-lakes-mountain-resort/
mount-sima,https://www.skiresort.info/ski-resort/mount-sima/
peekn-peak,https://www.skiresort.info/ski-resort/peekn-peak/
pine-mountain,https://www.skiresort.info/ski-resort/pine-mountain/
mont-adstock,https://www.skiresort.info/ski-resort/mont-adstock/
mont-farlagne,https://www.skiresort.info/ski-resort/mont-farlagne/
winterplace,https://www.skiresort.info/ski-resort/winterplace/
bear-paw-ski-bowl,https://www.skiresort.info/ski-resort/bear-paw-ski-bowl/
buffalo,https://www.skiresort.info/ski-resort/buffalo/
alpine-mountain-ski-snow-tubing-center,https://www.skiresort.info/ski-resort/alpine-mountain-ski-snow-tubing-center/
troll-resort-quesnel,https://www.skiresort.info/ski-resort/troll-resort-quesnel/
mont-gleason,https://www.skiresort.info/ski-resort/mont-gleason/
wentworth,https://www.skiresort.info/ski-resort/wentworth/
montcalm,https://www.skiresort.info/ski-resort/montcalm/
big-bear-at-masthope-mountain,https://www.skiresort.info/ski-resort/big-bear-at-masthope-mountain/
otsego-gaylord,https://www.skiresort.info/ski-resort/otsego-gaylord/
badger-pass,https://www.skiresort.info/ski-resort/badger-pass/
black-river-basin-snowriver-mountain-resort,https://www.skiresort.info/ski-resort/black-river-basin-snowriver-mountain-resort/
royal-mountain,https://www.skiresort.info/ski-resort/royal-mountain/
big-squaw,https://www.skiresort.info/ski-resort/big-squaw/
loch-lomond,https://www.skiresort.info/ski-resort/loch-lomond/
bousquet,https://www.skiresort.info/ski-resort/bousquet/
mohawk-mountain,https://www.skiresort.info/ski-resort/mohawk-mountain/
mont-saint-bruno-saint-bruno-de-montarville,https://www.skiresort.info/ski-resort/mont-saint-bruno-saint-bruno-de-montarville/
snow-ridge,https://www.skiresort.info/ski-resort/snow-ridge/
gallix,https://www.skiresort.info/ski-resort/gallix/
porcupine-mountain,https://www.skiresort.info/ski-resort/porcupine-mountain/
alpine-valley-resort-elkhorn,https://www.skiresort.info/ski-resort/alpine-valley-resort-elkhorn/
hesperus-ski-area,https://www.skiresort.info/ski-resort/hesperus-ski-area/
afton-alps,https://www.skiresort.info/ski-resort/afton-alps/
mont-avalanche,https://www.skiresort.info/ski-resort/mont-avalanche/
spring-mountain,https://www.skiresort.info/ski-resort/spring-mountain/
fairmont-hot-springs,https://www.skiresort.info/ski-resort/fairmont-hot-springs/
mont-saint-mathieu,https://www.skiresort.info/ski-resort/mont-saint-mathieu/
white-hills,https://www.skiresort.info/ski-resort/white-hills/
silver-summit,https://www.skiresort.info/ski-resort/silver-summit/
hidden-valley-ab,https://www.skiresort.info/ski-resort/hidden-valley-ab/
roundtop,https://www.skiresort.info/ski-resort/roundtop/
mt-la-crosse,https://www.skiresort.info/ski-resort/mt-la-crosse/
mt-lemmon-ski-valley,https://www.skiresort.info/ski-resort/mt-lemmon-ski-valley/
mount-jamieson-timmins,https://www.skiresort.info/ski-resort/mount-jamieson-timmins/
sitzmark,https://www.skiresort.info/ski-resort/sitzmark/
norway-mountain,https://www.skiresort.info/ski-resort/norway-mountain/
mont-belu,https://www.skiresort.info/ski-resort/mont-belu/
las-vegas-ski-and-snowboard-resort-lee-canyon,https://www.skiresort.info/ski-resort/las-vegas-ski-and-snowboard-resort-lee-canyon/
mount-baldy-thunder-bay,https://www.skiresort.info/ski-resort/mount-baldy-thunder-bay/
cataloochee,https://www.skiresort.info/ski-resort/cataloochee/
laurel-mountain,https://www.skiresort.info/ski-resort/laurel-mountain/
welch-village,https://www.skiresort.info/ski-resort/welch-village/
caledon-ski-club,https://www.skiresort.info/ski-resort/caledon-ski-club/
vallee-du-parc,https://www.skiresort.info/ski-resort/vallee-du-parc/
misery-mountain,https://www.skiresort.info/ski-resort/misery-mountain/
calabogie-peaks,https://www.skiresort.info/ski-resort/calabogie-peaks/
ochapowace,https://www.skiresort.info/ski-resort/ochapowace/
mont-video,https://www.skiresort.info/ski-resort/mont-video/
mont-kanasuta,https://www.skiresort.info/ski-resort/mont-kanasuta/
ober-gatlinburg,https://www.skiresort.info/ski-resort/ober-gatlinburg/
boler-mountain-london,https://www.skiresort.info/ski-resort/boler-mountain-london/
mccauly-mountain,https://www.skiresort.info/ski-resort/mccauly-mountain/
camden-snow-bowl,https://www.skiresort.info/ski-resort/camden-snow-bowl/
mont-habitant,https://www.skiresort.info/ski-resort/mont-habitant/
ski-brule,https://www.skiresort.info/ski-resort/ski-brule/
cuchara-mountain-park,https://www.skiresort.info/ski-resort/cuchara-mountain-park/
mad-river-mountain,https://www.skiresort.info/ski-resort/mad-river-mountain/
wolf-ridge,https://www.skiresort.info/ski-resort/wolf-ridge/
paoli-peaks,https://www.skiresort.info/ski-resort/paoli-peaks/
granite-gorge,https://www.skiresort.info/ski-resort/granite-gorge/
crystal-mountain-mi,https://www.skiresort.info/ski-resort/crystal-mountain-mi/
kinosoo-ridge,https://www.skiresort.info/ski-resort/kinosoo-ridge/
sir-sams,https://www.skiresort.info/ski-resort/sir-sams/
mont-ripley,https://www.skiresort.info/ski-resort/mont-ripley/
sommet-gabriel,https://www.skiresort.info/ski-resort/sommet-gabriel/
la-tuque,https://www.skiresort.info/ski-resort/la-tuque/
hogadon-ski-area,https://www.skiresort.info/ski-resort/hogadon-ski-area/
black-rapid,https://www.skiresort.info/ski-resort/black-rapid/
mount-cain,https://www.skiresort.info/ski-resort/mount-cain/
mont-ti-basse-baie-comeau,https://www.skiresort.info/ski-resort/mont-ti-basse-baie-comeau/
snow-trails,https://www.skiresort.info/ski-resort/snow-trails/
powder-ridge-mountain-park-resort,https://www.skiresort.info/ski-resort/powder-ridge-mountain-park-resort/
horseshoe-resort,https://www.skiresort.info/ski-resort/horseshoe-resort/
table-mountain,https://www.skiresort.info/ski-resort/table-mountain/
alpine-valley-white-lake,https://www.skiresort.info/ski-resort/alpine-valley-white-lake/
moose-mountain,https://www.skiresort.info/ski-resort/moose-mountain/
big-boulder,https://www.skiresort.info/ski-resort/big-boulder/
devils-elbow,https://www.skiresort.info/ski-resort/devils-elbow/
mt-eyak,https://www.skiresort.info/ski-resort/mt-eyak/
bryce-resort,https://www.skiresort.info/ski-resort/bryce-resort/
the-heights-horseshoe-valley,https://www.skiresort.info/ski-resort/the-heights-horseshoe-valley/
whispering-pines-worsley,https://www.skiresort.info/ski-resort/whispering-pines-worsley/
mt-brighton,https://www.skiresort.info/ski-resort/mt-brighton/
mt-southington,https://www.skiresort.info/ski-resort/mt-southington/
chestnut-mountain,https://www.skiresort.info/ski-resort/chestnut-mountain/
sundown,https://www.skiresort.info/ski-resort/sundown/
brimacombe-oshawa-ski-club,https://www.skiresort.info/ski-resort/brimacombe-oshawa-ski-club/
hunt-hollow-ski-club,https://www.skiresort.info/ski-resort/hunt-hollow-ski-club/
mountain-high-north,https://www.skiresort.info/ski-resort/mountain-high-north/
vorlage,https://www.skiresort.info/ski-resort/vorlage/
mount-pleasant,https://www.skiresort.info/ski-resort/mount-pleasant/
king-pine-purity-spring-resort,https://www.skiresort.info/ski-resort/king-pine-purity-spring-resort/
glen-eden,https://www.skiresort.info/ski-resort/glen-eden/
utah-olympic-park,https://www.skiresort.info/ski-resort/utah-olympic-park/
nashoba-valley,https://www.skiresort.info/ski-resort/nashoba-valley/
nordic-mountain,https://www.skiresort.info/ski-resort/nordic-mountain/
hidden-valley-mo,https://www.skiresort.info/ski-resort/hidden-valley-mo/
wilmot-mountain,https://www.skiresort.info/ski-resort/wilmot-mountain/
holiday-mountain-ny,https://www.skiresort.info/ski-resort/holiday-mountain-ny/
lakeridge-resort,https://www.skiresort.info/ski-resort/lakeridge-resort/
quechee-lakes-ski-area,https://www.skiresort.info/ski-resort/quechee-lakes-ski-area/
pine-knob,https://www.skiresort.info/ski-resort/pine-knob/
fort-wainwrightbirch-hill-fairbanks,https://www.skiresort.info/ski-resort/fort-wainwrightbirch-hill-fairbanks/
the-homestead-resort,https://www.skiresort.info/ski-resort/the-homestead-resort/
appalachian-ski-mountain,https://www.skiresort.info/ski-resort/appalachian-ski-mountain/
chicopee,https://www.skiresort.info/ski-resort/chicopee/
seven-oaks,https://www.skiresort.info/ski-resort/seven-oaks/
perfect-north-slopes,https://www.skiresort.info/ski-resort/perfect-north-slopes/
mont-miller,https://www.skiresort.info/ski-resort/mont-miller/
vista-ridge,https://www.skiresort.info/ski-resort/vista-ridge/
shanty-creek-resorts-summit-mountain,https://www.skiresort.info/ski-resort/shanty-creek-resorts-summit-mountain/
snowstar,https://www.skiresort.info/ski-resort/snowstar/
cockaigne,https://www.skiresort.info/ski-resort/cockaigne/
andes-tower-hills,https://www.skiresort.info/ski-resort/andes-tower-hills/
tyrol-basin-mt-horeb,https://www.skiresort.info/ski-resort/tyrol-basin-mt-horeb/
thunder-ridge,https://www.skiresort.info/ski-resort/thunder-ridge/
timberline-summit-pass,https://www.skiresort.info/ski-resort/timberline-summit-pass/
do-mi-ski-dolbeau-mistassini,https://www.skiresort.info/ski-resort/do-mi-ski-dolbeau-mistassini/
mission-ridge,https://www.skiresort.info/ski-resort/mission-ridge/
wapiti-valley,https://www.skiresort.info/ski-resort/wapiti-valley/
hilltop-anchorage,https://www.skiresort.info/ski-resort/hilltop-anchorage/
mt-ashwabay-salmo,https://www.skiresort.info/ski-resort/mt-ashwabay-salmo/
treetops,https://www.skiresort.info/ski-resort/treetops/
mt-holiday,https://www.skiresort.info/ski-resort/mt-holiday/
mt-jefferson,https://www.skiresort.info/ski-resort/mt-jefferson/
wild-mountain,https://www.skiresort.info/ski-resort/wild-mountain/
powder-ridge,https://www.skiresort.info/ski-resort/powder-ridge/
sky-tavern,https://www.skiresort.info/ski-resort/sky-tavern/
snow-valley-barrie,https://www.skiresort.info/ski-resort/snow-valley-barrie/
hidden-valley-highlands,https://www.skiresort.info/ski-resort/hidden-valley-highlands/
mont-castor,https://www.skiresort.info/ski-resort/mont-castor/
woods-valley,https://www.skiresort.info/ski-resort/woods-valley/
bradford,https://www.skiresort.info/ski-resort/bradford/
christie-mountain,https://www.skiresort.info/ski-resort/christie-mountain/
mansfield-ski-club,https://www.skiresort.info/ski-resort/mansfield-ski-club/
mount-maichen,https://www.skiresort.info/ski-resort/mount-maichen/
stagecoach-mountain,https://www.skiresort.info/ski-resort/stagecoach-mountain/
trollhaugen,https://www.skiresort.info/ski-resort/trollhaugen/
sawmill-mountain-resort,https://www.skiresort.info/ski-resort/sawmill-mountain-resort/
sundown-mountain-resort,https://www.skiresort.info/ski-resort/sundown-mountain-resort/
steeplechase-ski-area,https://www.skiresort.info/ski-resort/steeplechase-ski-area/
mystic-mountain-farmington,https://www.skiresort.info/ski-resort/mystic-mountain-farmington/
dagmar-ski-resort,https://www.skiresort.info/ski-resort/dagmar-ski-resort/
mt-zion-hill,https://www.skiresort.info/ski-resort/mt-zion-hill/
brookvale-ski-park,https://www.skiresort.info/ski-resort/brookvale-ski-park/
mcintyre,https://www.skiresort.info/ski-resort/mcintyre/
mount-joy,https://www.skiresort.info/ski-resort/mount-joy/
great-bear-ski-valley,https://www.skiresort.info/ski-resort/great-bear-ski-valley/
bald-mountain,https://www.skiresort.info/ski-resort/bald-mountain/
mont-biencourt,https://www.skiresort.info/ski-resort/mont-biencourt/
snow-creek,https://www.skiresort.info/ski-resort/snow-creek/
lost-valley,https://www.skiresort.info/ski-resort/lost-valley/
skeetawk-hatcher-pass,https://www.skiresort.info/ski-resort/skeetawk-hatcher-pass/
bears-den-mountain-fort-ransom,https://www.skiresort.info/ski-resort/bears-den-mountain-fort-ransom/
howelsen-hill-steamboat-springs,https://www.skiresort.info/ski-resort/howelsen-hill-steamboat-springs/
nitehawk,https://www.skiresort.info/ski-resort/nitehawk/
mont-chalco,https://www.skiresort.info/ski-resort/mont-chalco/
mont-fortin,https://www.skiresort.info/ski-resort/mont-fortin/
elko-snobowl,https://www.skiresort.info/ski-resort/elko-snobowl/
huff-hills,https://www.skiresort.info/ski-resort/huff-hills/
victor-constant-west-point,https://www.skiresort.info/ski-resort/victor-constant-west-point/
eagle-rock,https://www.skiresort.info/ski-resort/eagle-rock/
hickory,https://www.skiresort.info/ski-resort/hickory/
alpine-valley-ohio,https://www.skiresort.info/ski-resort/alpine-valley-ohio/
mt-crescent,https://www.skiresort.info/ski-resort/mt-crescent/
wapiti-ski-hill-elkford,https://www.skiresort.info/ski-resort/wapiti-ski-hill-elkford/
adanac-ski-hill,https://www.skiresort.info/ski-resort/adanac-ski-hill/
little-switzerland,https://www.skiresort.info/ski-resort/little-switzerland/
buena-vista,https://www.skiresort.info/ski-resort/buena-vista/
pass-powderkeg-crowsnest-pass,https://www.skiresort.info/ski-resort/pass-powderkeg-crowsnest-pass/
otis-ridge,https://www.skiresort.info/ski-resort/otis-ridge/
timber-ridge,https://www.skiresort.info/ski-resort/timber-ridge/
mount-peter,https://www.skiresort.info/ski-resort/mount-peter/
brandywine,https://www.skiresort.info/ski-resort/brandywine/
mount-pakenham,https://www.skiresort.info/ski-resort/mount-pakenham/
coffee-mill,https://www.skiresort.info/ski-resort/coffee-mill/
the-omni-homestead,https://www.skiresort.info/ski-resort/the-omni-homestead/
alta-sierra-shirley-meadows,https://www.skiresort.info/ski-resort/alta-sierra-shirley-meadows/
detroit-mountain,https://www.skiresort.info/ski-resort/detroit-mountain/
tussey-mountain,https://www.skiresort.info/ski-resort/tussey-mountain/
christmas-mountain,https://www.skiresort.info/ski-resort/christmas-mountain/
mont-du-lac,https://www.skiresort.info/ski-resort/mont-du-lac/
minnedosa-ski-valley,https://www.skiresort.info/ski-resort/minnedosa-ski-valley/
bruce-mound,https://www.skiresort.info/ski-resort/bruce-mound/
yawgoo-valley,https://www.skiresort.info/ski-resort/yawgoo-valley/
willard-mountain-greenwich,https://www.skiresort.info/ski-resort/willard-mountain-greenwich/
mount-dufour,https://www.skiresort.info/ski-resort/mount-dufour/
sunburst,https://www.skiresort.info/ski-resort/sunburst/
boston-mills,https://www.skiresort.info/ski-resort/boston-mills/
blue-hills,https://www.skiresort.info/ski-resort/blue-hills/
saint-raymond,https://www.skiresort.info/ski-resort/saint-raymond/
eaton-mountain,https://www.skiresort.info/ski-resort/eaton-mountain/
chester-bowl,https://www.skiresort.info/ski-resort/chester-bowl/
sunridge,https://www.skiresort.info/ski-resort/sunridge/
mont-bellevue,https://www.skiresort.info/ski-resort/mont-bellevue/
tobo-ski,https://www.skiresort.info/ski-resort/tobo-ski/
kendall-mountain-silverton,https://www.skiresort.info/ski-resort/kendall-mountain-silverton/
dry-hill,https://www.skiresort.info/ski-resort/dry-hill/
holiday-mountain-mb,https://www.skiresort.info/ski-resort/holiday-mountain-mb/
clearwater,https://www.skiresort.info/ski-resort/clearwater/
cannonsburg,https://www.skiresort.info/ski-resort/cannonsburg/
frost-fire-park,https://www.skiresort.info/ski-resort/frost-fire-park/
big-tupper-tupper-lake,https://www.skiresort.info/ski-resort/big-tupper-tupper-lake/
haute-gaspesie,https://www.skiresort.info/ski-resort/haute-gaspesie/
uplands-ski-centre,https://www.skiresort.info/ski-resort/uplands-ski-centre/
ward-hill-shrewsbury,https://www.skiresort.info/ski-resort/ward-hill-shrewsbury/
martock,https://www.skiresort.info/ski-resort/martock/
buck-hill-ski-area,https://www.skiresort.info/ski-resort/buck-hill-ski-area/
echo-mountain-park-idaho-springs,https://www.skiresort.info/ski-resort/echo-mountain-park-idaho-springs/
tawatinaw-valley,https://www.skiresort.info/ski-resort/tawatinaw-valley/
campgaw-mountain,https://www.skiresort.info/ski-resort/campgaw-mountain/
saint-pacome,https://www.skiresort.info/ski-resort/saint-pacome/
snow-valley-edmonton,https://www.skiresort.info/ski-resort/snow-valley-edmonton/
woodbury,https://www.skiresort.info/ski-resort/woodbury/
rabbit-hill-snow-resort,https://www.skiresort.info/ski-resort/rabbit-hill-snow-resort/
campton-mountain,https://www.skiresort.info/ski-resort/campton-mountain/
earl-bales-north-york-toronto,https://www.skiresort.info/ski-resort/earl-bales-north-york-toronto/
hyland-hills,https://www.skiresort.info/ski-resort/hyland-hills/
hermon-mountain,https://www.skiresort.info/ski-resort/hermon-mountain/
centre-de-plein-air-levis,https://www.skiresort.info/ski-resort/centre-de-plein-air-levis/
mont-apic,https://www.skiresort.info/ski-resort/mont-apic/
maple-ski-ridge,https://www.skiresort.info/ski-resort/maple-ski-ridge/
villa-roma,https://www.skiresort.info/ski-resort/villa-roma/
green-mountain-brush-creek-ranch,https://www.skiresort.info/ski-resort/green-mountain-brush-creek-ranch/
heiliger-huegel-hubertus,https://www.skiresort.info/ski-resort/heiliger-huegel-hubertus/
oglebay-resort,https://www.skiresort.info/ski-resort/oglebay-resort/
salmo-ski-hill,https://www.skiresort.info/ski-resort/salmo-ski-hill/
mystery-mountain,https://www.skiresort.info/ski-resort/mystery-mountain/
grand-geneva,https://www.skiresort.info/ski-resort/grand-geneva/
swiss-valley,https://www.skiresort.info/ski-resort/swiss-valley/
camp-10,https://www.skiresort.info/ski-resort/camp-10/
saint-georges,https://www.skiresort.info/ski-resort/saint-georges/
phoenix-mountain,https://www.skiresort.info/ski-resort/phoenix-mountain/
beartooth-basin,https://www.skiresort.info/ski-resort/beartooth-basin/
laurentian-ski-hill-north-bay,https://www.skiresort.info/ski-resort/laurentian-ski-hill-north-bay/
le-petit-chamonix,https://www.skiresort.info/ski-resort/le-petit-chamonix/
mount-ski-gull,https://www.skiresort.info/ski-resort/mount-ski-gull/
ferguson-ridge,https://www.skiresort.info/ski-resort/ferguson-ridge/
woodward-park-city,https://www.skiresort.info/ski-resort/woodward-park-city/
val-bialas-ski-center-utica,https://www.skiresort.info/ski-resort/val-bialas-ski-center-utica/
denton-hill-state-park,https://www.skiresort.info/ski-resort/denton-hill-state-park/
sunrise-park,https://www.skiresort.info/ski-resort/sunrise-park/
tri-town,https://www.skiresort.info/ski-resort/tri-town/
snow-snake,https://www.skiresort.info/ski-resort/snow-snake/
duck-mountain-kamsack,https://www.skiresort.info/ski-resort/duck-mountain-kamsack/
cap-chat,https://www.skiresort.info/ski-resort/cap-chat/
toggenburg-ski-center,https://www.skiresort.info/ski-resort/toggenburg-ski-center/
titcomb-mountain,https://www.skiresort.info/ski-resort/titcomb-mountain/
bear-mountain-dawson-creek,https://www.skiresort.info/ski-resort/bear-mountain-dawson-creek/
sapphire-valley,https://www.skiresort.info/ski-resort/sapphire-valley/
thunderhill-benito,https://www.skiresort.info/ski-resort/thunderhill-benito/
blizzard-mountain,https://www.skiresort.info/ski-resort/blizzard-mountain/
bottineau-winter-park,https://www.skiresort.info/ski-resort/bottineau-winter-park/
fairview-ski-hill,https://www.skiresort.info/ski-resort/fairview-ski-hill/
cottonwood-butte,https://www.skiresort.info/ski-resort/cottonwood-butte/
hillberg,https://www.skiresort.info/ski-resort/hillberg/
rotarun,https://www.skiresort.info/ski-resort/rotarun/
ausblick-sussex,https://www.skiresort.info/ski-resort/ausblick-sussex/
little-smoky,https://www.skiresort.info/ski-resort/little-smoky/
lonesome-pine-trails-fort-kent,https://www.skiresort.info/ski-resort/lonesome-pine-trails-fort-kent/
boyce-park,https://www.skiresort.info/ski-resort/boyce-park/
the-rock-snowpark,https://www.skiresort.info/ski-resort/the-rock-snowpark/
beauce-vallee-jonction,https://www.skiresort.info/ski-resort/beauce-vallee-jonction/
batawa-ski-hill,https://www.skiresort.info/ski-resort/batawa-ski-hill/
villa-olivia-bartlett,https://www.skiresort.info/ski-resort/villa-olivia-bartlett/
plumas-eureka-ski-bowl,https://www.skiresort.info/ski-resort/plumas-eureka-ski-bowl/
mont-chilly,https://www.skiresort.info/ski-resort/mont-chilly/
four-seasons,https://www.skiresort.info/ski-resort/four-seasons/
coppervale,https://www.skiresort.info/ski-resort/coppervale/
sleepy-hollow-sports-park-des-moines,https://www.skiresort.info/ski-resort/sleepy-hollow-sports-park-des-moines/
solbakken-sisimiut,https://www.skiresort.info/ski-resort/solbakken-sisimiut/
mount-evergreen-kenora,https://www.skiresort.info/ski-resort/mount-evergreen-kenora/
snowhaven,https://www.skiresort.info/ski-resort/snowhaven/
navarino-hills,https://www.skiresort.info/ski-resort/navarino-hills/
blandford,https://www.skiresort.info/ski-resort/blandford/
glen-mountain-park,https://www.skiresort.info/ski-resort/glen-mountain-park/
boogie-mountain-espanola,https://www.skiresort.info/ski-resort/boogie-mountain-espanola/
cazenovia,https://www.skiresort.info/ski-resort/cazenovia/
cranor-ski-hill-gunnison,https://www.skiresort.info/ski-resort/cranor-ski-hill-gunnison/
lyndon-outing-club,https://www.skiresort.info/ski-resort/lyndon-outing-club/
big-creek-ski-area,https://www.skiresort.info/ski-resort/big-creek-ski-area/
mont-sauvage,https://www.skiresort.info/ski-resort/mont-sauvage/
medicine-lodge,https://www.skiresort.info/ski-resort/medicine-lodge/
summit-lake-nakusp,https://www.skiresort.info/ski-resort/summit-lake-nakusp/
spring-hill-winter-park,https://www.skiresort.info/ski-resort/spring-hill-winter-park/
winter-park-kewaunee-county,https://www.skiresort.info/ski-resort/winter-park-kewaunee-county/
timber-ridge-big-river,https://www.skiresort.info/ski-resort/timber-ridge-big-river/
edmonton-ski-club,https://www.skiresort.info/ski-resort/edmonton-ski-club/
parc-de-lile-melville-val-mauricie,https://www.skiresort.info/ski-resort/parc-de-lile-melville-val-mauricie/
hurricane-ridge,https://www.skiresort.info/ski-resort/hurricane-ridge/
baie-des-sables,https://www.skiresort.info/ski-resort/baie-des-sables/
cochran,https://www.skiresort.info/ski-resort/cochran/
mount-greylock-south-williamstown,https://www.skiresort.info/ski-resort/mount-greylock-south-williamstown/
granlibakken,https://www.skiresort.info/ski-resort/granlibakken/
lake-city-ski-hill,https://www.skiresort.info/ski-resort/lake-city-ski-hill/
mount-martin-deep-river,https://www.skiresort.info/ski-resort/mount-martin-deep-river/
misty-ridge,https://www.skiresort.info/ski-resort/misty-ridge/
mont-villa-saguenay,https://www.skiresort.info/ski-resort/mont-villa-saguenay/
whitetail-ridge-fort-mccoy,https://www.skiresort.info/ski-resort/whitetail-ridge-fort-mccoy/
storrs-hill-lebanon,https://www.skiresort.info/ski-resort/storrs-hill-lebanon/
twin-towers,https://www.skiresort.info/ski-resort/twin-towers/
trestle-ridge-terrace-bay,https://www.skiresort.info/ski-resort/trestle-ridge-terrace-bay/
moose-mountain-dawson-city,https://www.skiresort.info/ski-resort/moose-mountain-dawson-city/
alice-hill-park-pembroke,https://www.skiresort.info/ski-resort/alice-hill-park-pembroke/
spring-lake-ski-hill,https://www.skiresort.info/ski-resort/spring-lake-ski-hill/
ascutney-mountain,https://www.skiresort.info/ski-resort/ascutney-mountain/
valley-ski-hill-alliance,https://www.skiresort.info/ski-resort/valley-ski-hill-alliance/
mt-pisgah,https://www.skiresort.info/ski-resort/mt-pisgah/
drayton-valley-brazeau-ski-hill,https://www.skiresort.info/ski-resort/drayton-valley-brazeau-ski-hill/
lively,https://www.skiresort.info/ski-resort/lively/
little-ski-hill,https://www.skiresort.info/ski-resort/little-ski-hill/
elk-ridge-williams,https://www.skiresort.info/ski-resort/elk-ridge-williams/
skyline-friendship,https://www.skiresort.info/ski-resort/skyline-friendship/
mount-fairweather-atikokan,https://www.skiresort.info/ski-resort/mount-fairweather-atikokan/
tupilak-aasiaat,https://www.skiresort.info/ski-resort/tupilak-aasiaat/
echo-valley-lake-chelan,https://www.skiresort.info/ski-resort/echo-valley-lake-chelan/
northeast-slopes-east-corinth,https://www.skiresort.info/ski-resort/northeast-slopes-east-corinth/
badger-mountain,https://www.skiresort.info/ski-resort/badger-mountain/
beartown,https://www.skiresort.info/ski-resort/beartown/
veterans-memorial-franklin,https://www.skiresort.info/ski-resort/veterans-memorial-franklin/
the-ridge-le-roy,https://www.skiresort.info/ski-resort/the-ridge-le-roy/
hoedown-hill-windsor,https://www.skiresort.info/ski-resort/hoedown-hill-windsor/
little-mac-mackenzie,https://www.skiresort.info/ski-resort/little-mac-mackenzie/
indian-lake,https://www.skiresort.info/ski-resort/indian-lake/
gwynne-valley,https://www.skiresort.info/ski-resort/gwynne-valley/
paul-bunyan-ski-hill,https://www.skiresort.info/ski-resort/paul-bunyan-ski-hill/
hart-highlands-prince-george,https://www.skiresort.info/ski-resort/hart-highlands-prince-george/
mont-pits-cabano,https://www.skiresort.info/ski-resort/mont-pits-cabano/
val-dor,https://www.skiresort.info/ski-resort/val-dor/
quoggy-jo-ski-center-presque-isle,https://www.skiresort.info/ski-resort/quoggy-jo-ski-center-presque-isle/
eastlink-park-whitecourt,https://www.skiresort.info/ski-resort/eastlink-park-whitecourt/
sisorarfiit-nuuk,https://www.skiresort.info/ski-resort/sisorarfiit-nuuk/
spruce-mountain-jay,https://www.skiresort.info/ski-resort/spruce-mountain-jay/
living-memorial-park-brattleboro,https://www.skiresort.info/ski-resort/living-memorial-park-brattleboro/
abenaki,https://www.skiresort.info/ski-resort/abenaki/
stover-mountain,https://www.skiresort.info/ski-resort/stover-mountain/
farrs-hill-randolph,https://www.skiresort.info/ski-resort/farrs-hill-randolph/
hanson-hills,https://www.skiresort.info/ski-resort/hanson-hills/
chapman-hill-durango,https://www.skiresort.info/ski-resort/chapman-hill-durango/
mulligans-hollow-ski-bowl,https://www.skiresort.info/ski-resort/mulligans-hollow-ski-bowl/
brantling,https://www.skiresort.info/ski-resort/brantling/
hockley-valley,https://www.skiresort.info/ski-resort/hockley-valley/
bosques-de-monterreal-san-antonio-de-las-alazanas,https://www.skiresort.info/ski-resort/bosques-de-monterreal-san-antonio-de-las-alazanas/
meany-lodge,https://www.skiresort.info/ski-resort/meany-lodge/
plumtree-fawnridge-lake-carroll,https://www.skiresort.info/ski-resort/plumtree-fawnridge-lake-carroll/
frisco-adventure-park,https://www.skiresort.info/ski-resort/frisco-adventure-park/
falcon-ridge,https://www.skiresort.info/ski-resort/falcon-ridge/
buckhorn-ski-and-snowboard-club,https://www.skiresort.info/ski-resort/buckhorn-ski-and-snowboard-club/
rocking-horse-ranch,https://www.skiresort.info/ski-resort/rocking-horse-ranch/
fox-hill,https://www.skiresort.info/ski-resort/fox-hill/
winterclub-indoor-ski-snowboard-winter-park,https://www.skiresort.info/ski-resort/winterclub-indoor-ski-snowboard-winter-park/
missaukee-mountain,https://www.skiresort.info/ski-resort/missaukee-mountain/
ski-maxx-colorado-springs,https://www.skiresort.info/ski-resort/ski-maxx-colorado-springs/
polar-peak,https://www.skiresort.info/ski-resort/polar-peak/
mt-chinguacousy-brampton,https://www.skiresort.info/ski-resort/mt-chinguacousy-brampton/
red-hill-moultonborough,https://www.skiresort.info/ski-resort/red-hill-moultonborough/
mike-wiegele-blue-river,https://www.skiresort.info/ski-resort/mike-wiegele-blue-river/
eagle-pass-heliskiing,https://www.skiresort.info/ski-resort/eagle-pass-heliskiing/
stellar-heliskiing,https://www.skiresort.info/ski-resort/stellar-heliskiing/
adamants,https://www.skiresort.info/ski-resort/adamants/
mica-heli-guides-mica-creek,https://www.skiresort.info/ski-resort/mica-heli-guides-mica-creek/
mustang-powder,https://www.skiresort.info/ski-resort/mustang-powder/
kootenay,https://www.skiresort.info/ski-resort/kootenay/
white-grizzly-meadow-creek,https://www.skiresort.info/ski-resort/white-grizzly-meadow-creek/
last-frontier-bob-quinn-lake,https://www.skiresort.info/ski-resort/last-frontier-bob-quinn-lake/
points-north-heli-adventures,https://www.skiresort.info/ski-resort/points-north-heli-adventures/
monashee,https://www.skiresort.info/ski-resort/monashee/
great-northern-snow-cat-trout-lake,https://www.skiresort.info/ski-resort/great-northern-snow-cat-trout-lake/
bella-coola,https://www.skiresort.info/ski-resort/bella-coola/
bobby-burns,https://www.skiresort.info/ski-resort/bobby-burns/
skeena-heliskiing,https://www.skiresort.info/ski-resort/skeena-heliskiing/
cariboos,https://www.skiresort.info/ski-resort/cariboos/
tyax-heliskiing,https://www.skiresort.info/ski-resort/tyax-heliskiing/
valdez-heli-ski-guides,https://www.skiresort.info/ski-resort/valdez-heli-ski-guides/
crescent-spur,https://www.skiresort.info/ski-resort/crescent-spur/
canadian-mountain-holidays-valemount,https://www.skiresort.info/ski-resort/canadian-mountain-holidays-valemount/
gothics,https://www.skiresort.info/ski-resort/gothics/
northern-escape-heli-skiing,https://www.skiresort.info/ski-resort/northern-escape-heli-skiing/
atlin-heli-sports,https://www.skiresort.info/ski-resort/atlin-heli-sports/
galena,https://www.skiresort.info/ski-resort/galena/
bugaboos,https://www.skiresort.info/ski-resort/bugaboos/
pantheon,https://www.skiresort.info/ski-resort/pantheon/
mcbride,https://www.skiresort.info/ski-resort/mcbride/
pando-park,https://www.skiresort.info/ski-resort/pando-park/
kettlebowl,https://www.skiresort.info/ski-resort/kettlebowl/
snow-goose-mountain,https://www.skiresort.info/ski-resort/snow-goose-mountain/
mt-eustis-littleton,https://www.skiresort.info/ski-resort/mt-eustis-littleton/
challenge-mountain-walloon-lake,https://www.skiresort.info/ski-resort/challenge-mountain-walloon-lake/
pinnacle-park-pittsfield,https://www.skiresort.info/ski-resort/pinnacle-park-pittsfield/
stony-mountain,https://www.skiresort.info/ski-resort/stony-mountain/
powers-bluff,https://www.skiresort.info/ski-resort/powers-bluff/
leavenworth-ski-hill,https://www.skiresort.info/ski-resort/leavenworth-ski-hill/
four-lakes,https://www.skiresort.info/ski-resort/four-lakes/
big-bam-taylor,https://www.skiresort.info/ski-resort/big-bam-taylor/
purcell-heliskiing,https://www.skiresort.info/ski-resort/purcell-heliskiing/
north-cascade-heliskiing-mazama,https://www.skiresort.info/ski-resort/north-cascade-heliskiing-mazama/
ruby-mountain,https://www.skiresort.info/ski-resort/ruby-mountain/
chatter-creek,https://www.skiresort.info/ski-resort/chatter-creek/
snow-water,https://www.skiresort.info/ski-resort/snow-water/
selkirk-meadow-creek,https://www.skiresort.info/ski-resort/selkirk-meadow-creek/
valemount-glaciers-planned,https://www.skiresort.info/ski-resort/valemount-glaciers-planned/
mont-alta,https://www.skiresort.info/ski-resort/mont-alta/
innisfail,https://www.skiresort.info/ski-resort/innisfail/
mt-mcsauba,https://www.skiresort.info/ski-resort/mt-mcsauba/
hiawatha-rock-river-township,https://www.skiresort.info/ski-resort/hiawatha-rock-river-township/
adventure-mountain-greenland,https://www.skiresort.info/ski-resort/adventure-mountain-greenland/
sahalie-ski-club,https://www.skiresort.info/ski-resort/sahalie-ski-club/
rene-brunelle,https://www.skiresort.info/ski-resort/rene-brunelle/
mount-prospect-lancaster,https://www.skiresort.info/ski-resort/mount-prospect-lancaster/
blackhawk-ski-club-middleton,https://www.skiresort.info/ski-resort/blackhawk-ski-club-middleton/
john-melissa-besse-sports-park-gladstone,https://www.skiresort.info/ski-resort/john-melissa-besse-sports-park-gladstone/
triangle-sports-area-green-bay,https://www.skiresort.info/ski-resort/triangle-sports-area-green-bay/
powderhouse-hill-south-berwick,https://www.skiresort.info/ski-resort/powderhouse-hill-south-berwick/
terrebonne,https://www.skiresort.info/ski-resort/terrebonne/
keyes-peak,https://www.skiresort.info/ski-resort/keyes-peak/
standing-rocks,https://www.skiresort.info/ski-resort/standing-rocks/
cloudmont,https://www.skiresort.info/ski-resort/cloudmont/
chipmunk,https://www.skiresort.info/ski-resort/chipmunk/
fairfax-peak-planned,https://www.skiresort.info/ski-resort/fairfax-peak-planned/
drumheller-valley-ski-hill,https://www.skiresort.info/ski-resort/drumheller-valley-ski-hill/
monashee-powder-coldstream,https://www.skiresort.info/ski-resort/monashee-powder-coldstream/
cariboo-mica-mountain,https://www.skiresort.info/ski-resort/cariboo-mica-mountain/
blomidon-cat-skiing,https://www.skiresort.info/ski-resort/blomidon-cat-skiing/
great-northern-powder-guides,https://www.skiresort.info/ski-resort/great-northern-powder-guides/
keefer-lake-lodge,https://www.skiresort.info/ski-resort/keefer-lake-lodge/
mt-bailey,https://www.skiresort.info/ski-resort/mt-bailey/
retallack-alpine-adventures-new-denver,https://www.skiresort.info/ski-resort/retallack-alpine-adventures-new-denver/
cascade-powder-guides,https://www.skiresort.info/ski-resort/cascade-powder-guides/
bridal-veil-mountain-resort-planned,https://www.skiresort.info/ski-resort/bridal-veil-mountain-resort-planned/
al-quaal,https://www.skiresort.info/ski-resort/al-quaal/
pente-a-neige-montreal,https://www.skiresort.info/ski-resort/pente-a-neige-montreal/
kinsmen-little-red-river-park-prince-albert,https://www.skiresort.info/ski-resort/kinsmen-little-red-river-park-prince-albert/
bristol-pit-yellowknife,https://www.skiresort.info/ski-resort/bristol-pit-yellowknife/
optimist-hill,https://www.skiresort.info/ski-resort/optimist-hill/
toesebakken-sisimiut,https://www.skiresort.info/ski-resort/toesebakken-sisimiut/
south-tweedsmuir-park,https://www.skiresort.info/ski-resort/south-tweedsmuir-park/
big-ben-cornwall,https://www.skiresort.info/ski-resort/big-ben-cornwall/
axis-freestyle-academy-vaughan,https://www.skiresort.info/ski-resort/axis-freestyle-academy-vaughan/
petoskey-winter-sports-park,https://www.skiresort.info/ski-resort/petoskey-winter-sports-park/
pinehurst-park-eau-claire,https://www.skiresort.info/ski-resort/pinehurst-park-eau-claire/
bowes-ski-hill-steamboat-springs,https://www.skiresort.info/ski-resort/bowes-ski-hill-steamboat-springs/
dynamite-hill-chestertown,https://www.skiresort.info/ski-resort/dynamite-hill-chestertown/
hardack-aldis-hill-st-albans,https://www.skiresort.info/ski-resort/hardack-aldis-hill-st-albans/
hudsons-hope-portage-mountain,https://www.skiresort.info/ski-resort/hudsons-hope-portage-mountain/
nutt-hill-plymouth,https://www.skiresort.info/ski-resort/nutt-hill-plymouth/
lees-ski-hill-ouray,https://www.skiresort.info/ski-resort/lees-ski-hill-ouray/
salmonberry-valdez,https://www.skiresort.info/ski-resort/salmonberry-valdez/
snoebahn-centennial,https://www.skiresort.info/ski-resort/snoebahn-centennial/
mont-glen,https://www.skiresort.info/ski-resort/mont-glen/
cimarron-mountain-club,https://www.skiresort.info/ski-resort/cimarron-mountain-club/
infinity-slopes-loveland,https://www.skiresort.info/ski-resort/infinity-slopes-loveland/
alpine-indoor-mississauga,https://www.skiresort.info/ski-resort/alpine-indoor-mississauga/
eagle-island-park,https://www.skiresort.info/ski-resort/eagle-island-park/
inside-ski-training-center-leesburg,https://www.skiresort.info/ski-resort/inside-ski-training-center-leesburg/
sand-master-park-florence,https://www.skiresort.info/ski-resort/sand-master-park-florence/
jerrys-heliski-alaska,https://www.skiresort.info/ski-resort/jerrys-heliski-alaska/
h2o-guides,https://www.skiresort.info/ski-resort/h2o-guides/
aberdeen-heli-prince-george,https://www.skiresort.info/ski-resort/aberdeen-heli-prince-george/
highland-powder-cat-skiing,https://www.skiresort.info/ski-resort/highland-powder-cat-skiing/
diamond-peaks,https://www.skiresort.info/ski-resort/diamond-peaks/
yukon-alpine-heliskiing,https://www.skiresort.info/ski-resort/yukon-alpine-heliskiing/
powderbird,https://www.skiresort.info/ski-resort/powderbird/
wildhorse-cat-skiing,https://www.skiresort.info/ski-resort/wildhorse-cat-skiing/
whisper-ridge,https://www.skiresort.info/ski-resort/whisper-ridge/
powder-mountain-chance-creek,https://www.skiresort.info/ski-resort/powder-mountain-chance-creek/
tulsequah-heliskiing,https://www.skiresort.info/ski-resort/tulsequah-heliskiing/
zincton-mountain-village-planned,https://www.skiresort.info/ski-resort/zincton-mountain-village-planned/
sunday-peaks,https://www.skiresort.info/ski-resort/sunday-peaks/
snowpatch-ski-hill,https://www.skiresort.info/ski-resort/snowpatch-ski-hill/
bearfire-resort-dallas-fort-worth-planned,https://www.skiresort.info/ski-resort/bearfire-resort-dallas-fort-worth-planned/
carson-ski-resort,https://www.skiresort.info/ski-resort/carson-ski-resort/
mont-daniel,https://www.skiresort.info/ski-resort/mont-daniel/
northern-lights,https://www.skiresort.info/ski-resort/northern-lights/
garibaldi-at-squamish-planned,https://www.skiresort.info/ski-resort/garibaldi-at-squamish-planned/
caribou-mountain,https://www.skiresort.info/ski-resort/caribou-mountain/
riverside-hills,https://www.skiresort.info/ski-resort/riverside-hills/
jumbo-glacier-resort-planned,https://www.skiresort.info/ski-resort/jumbo-glacier-resort-planned/
heyden-aweres,https://www.skiresort.info/ski-resort/heyden-aweres/
silverwood-winter-park,https://www.skiresort.info/ski-resort/silverwood-winter-park/
scotch-valley-resort,https://www.skiresort.info/ski-resort/scotch-valley-resort/
lynx-creek,https://www.skiresort.info/ski-resort/lynx-creek/
caswell,https://www.skiresort.info/ski-resort/caswell/
north-bicentennial-park,https://www.skiresort.info/ski-resort/north-bicentennial-park/
mott-mountain,https://www.skiresort.info/ski-resort/mott-mountain/
sunset-ski-area,https://www.skiresort.info/ski-resort/sunset-ski-area/
huntington,https://www.skiresort.info/ski-resort/huntington/
quadna-mountain,https://www.skiresort.info/ski-resort/quadna-mountain/
saddle-mountain-planned,https://www.skiresort.info/ski-resort/saddle-mountain-planned/
las-vegas-wet-planned,https://www.skiresort.info/ski-resort/las-vegas-wet-planned/
